{
    "bleu": [
        87.57353818535694,
        1.0188970530521368
    ],
    "chrf": [
        91.21613427006648,
        1.2482775581575132
    ],
    "bleurt20": [
        98.46764166425008,
        1.3627707263945419
    ],
    "comet20": [
        98.69376192557212,
        0.6763482306711877
    ],
    "comet22": [
        97.54747397119536,
        2.6545694093264425
    ],
    "comet21qe": [
        95.95805313355362,
        38.53666078682274
    ],
    "cometkiwi22": [
        99.33542184769365,
        2.6582715576760636
    ]
}