{
    "bleu": [
        88.33333333333225,
        0.9663926931178954
    ],
    "chrf": [
        92.999999999972,
        1.1142732157139852
    ],
    "spBLEU200": [
        90.99999999998793,
        0.8079046528617078
    ],
    "bleurt-default": [
        94.66666666666666,
        0.4947232832741672
    ],
    "bleurt-20": [
        98.33333333332963,
        1.3727206190931929
    ],
    "comet20": [
        97.33333333332897,
        0.7266990738678005
    ],
    "comet22": [
        96.22374133884283,
        2.8359194570556636
    ],
    "comet21qe": [
        93.7997435048193,
        43.38413992717536
    ],
    "cometkiwi22": [
        98.88141616584615,
        2.719280643871758
    ],
    "xcomet-XXL": [
        98.93432477039522,
        1.1629533711748128
    ]
}
